{"msmarco-passage/trec-dl-2019/judged": {"re-rank-top-1000-bm25": {"documents": 41881, "size": 5745257}, "loft-1000": {"documents": 1074, "size": 146422}, "loft-10000": {"documents": 10088, "size": 1502014}, "top-10-run-pool": {"documents": 12162, "size": 1771396}, "top-25-run-pool": {"documents": 29546, "size": 4288390}, "top-50-run-pool": {"documents": 57850, "size": 8403412}, "top-100-run-pool": {"documents": 111412, "size": 16162542}, "top-1000-run-pool": {"documents": 768286, "size": 112176551}}, "msmarco-passage/trec-dl-2020/judged": {"re-rank-top-1000-bm25": {"documents": 50904, "size": 7117758}, "loft-1000": {"documents": 1092, "size": 152942}, "loft-10000": {"documents": 10098, "size": 1505454}, "top-10-run-pool": {"documents": 19566, "size": 2907650}, "top-25-run-pool": {"documents": 46942, "size": 6993876}, "top-50-run-pool": {"documents": 90927, "size": 13542238}, "top-100-run-pool": {"documents": 174754, "size": 25970020}, "top-1000-run-pool": {"documents": 1199244, "size": 179566055}}, "disks45/nocr/trec-robust-2004": {"re-rank-top-1000-bm25": {"documents": 165165, "size": 224663710}, "loft-1000": {"documents": 1214, "size": 3579855}, "loft-10000": {"documents": 10331, "size": 23805452}, "top-10-run-pool": {"documents": 27239, "size": 63750287}, "top-25-run-pool": {"documents": 57579, "size": 118312981}, "top-50-run-pool": {"documents": 98653, "size": 183606563}, "top-100-run-pool": {"documents": 160825, "size": 272558340}, "top-1000-run-pool": {"documents": 449371, "size": 568633968}}, "clueweb09/en/trec-web-2009": {"top-10-run-pool": {"documents": 13601, "size": 39586378.203602515}, "top-25-run-pool": {"documents": 30564, "size": 88958022.45532735}, "top-50-run-pool": {"documents": 56642, "size": 164859321.6828508}, "top-100-run-pool": {"documents": 106388, "size": 309647496.8255911}, "top-1000-run-pool": {"documents": 818446, "size": 2382127262.3502436}, "re-rank-top-1000-bm25": {"documents": 48935, "size": 142427719.82893088}, "loft-1000": {"documents": 1293, "size": 3763339.9762707194}, "loft-10000": {"documents": 10344, "size": 30106719.810165755}}, "clueweb09/en/trec-web-2010": {"top-10-run-pool": {"documents": 10789, "size": 31401914.15621407}, "top-25-run-pool": {"documents": 24701, "size": 71893473.12750427}, "top-50-run-pool": {"documents": 46765, "size": 136111828.2987627}, "top-100-run-pool": {"documents": 88739, "size": 258279215.89658728}, "top-1000-run-pool": {"documents": 702094, "size": 2043479054.3695393}, "re-rank-top-1000-bm25": {"documents": 49417, "size": 143830604.49139223}, "loft-1000": {"documents": 1186, "size": 3451911.223400675}, "loft-10000": {"documents": 10237, "size": 29795291.05729571}}, "clueweb09/en/trec-web-2011": {"top-10-run-pool": {"documents": 6604, "size": 19221266.20517543}, "top-25-run-pool": {"documents": 15955, "size": 46437810.76674348}, "top-50-run-pool": {"documents": 30961, "size": 90113510.44494797}, "top-100-run-pool": {"documents": 60615, "size": 176422933.22633383}, "top-1000-run-pool": {"documents": 567380, "size": 1651387343.9570615}, "re-rank-top-1000-bm25": {"documents": 45299, "size": 131844963.32953389}, "loft-1000": {"documents": 1134, "size": 3300562.6706040185}, "loft-10000": {"documents": 10126, "size": 29472220.10805669}}, "clueweb09/en/trec-web-2012": {"top-10-run-pool": {"documents": 6220, "size": 23806674}, "top-25-run-pool": {"documents": 14657, "size": 51135575}, "top-50-run-pool": {"documents": 27712, "size": 89659748}, "top-100-run-pool": {"documents": 52310, "size": 162819547}, "top-1000-run-pool": {"documents": 428640, "size": 1245330819}, "re-rank-top-1000-bm25": {"documents": 48713, "size": 158723903}, "loft-1000": {"documents": 1181, "size": 6609962}, "loft-10000": {"documents": 10179, "size": 35165352}}, "clueweb12/trec-web-2013": {"top-10-run-pool": {"documents": 7875, "size": 36490598.94154515}, "top-25-run-pool": {"documents": 17784, "size": 82406198.29542083}, "top-50-run-pool": {"documents": 32155, "size": 148997486.85274723}, "top-100-run-pool": {"documents": 59942, "size": 277754854.8259174}, "top-1000-run-pool": {"documents": 519889, "size": 2409023618.1740913}, "re-rank-top-1000-bm25": {"documents": 49015, "size": 227122121.53902674}, "loft-1000": {"documents": 1258, "size": 5829228.376947785}, "loft-10000": {"documents": 10241, "size": 47453996.66798272}}, "clueweb12/trec-web-2014": {"top-10-run-pool": {"documents": 6067, "size": 34478254}, "top-25-run-pool": {"documents": 13048, "size": 70133602}, "top-50-run-pool": {"documents": 23910, "size": 122749086}, "top-100-run-pool": {"documents": 45013, "size": 220494081}, "top-1000-run-pool": {"documents": 351830, "size": 1630191443}, "re-rank-top-1000-bm25": {"documents": 48736, "size": 290886953}, "loft-1000": {"documents": 1320, "size": 7015512}, "loft-10000": {"documents": 10312, "size": 50879390}}}